organism	genome_size_mbp	n50_mbp	n_seqs	n_nnn	rel_nnn	genome_entropy	n_gc	rel_gc
Manihot_esculenta	582.278977	2.8119335e-5	2020	86649479	0.14881093500306813	1.8329887104422695	16968417	0.029141386981587695
